,Text,Topic
0,really enjoy bold extra bold coffee bought crazy cups dark roast keurig cups which several different brandskinds dark roast coffee fuel least tasty brews coffee weak side bold blend burnt aftertaste this coffee those enjoy really rich bold taste dark magic been favorite varieties,1
1,love strong coffee these just sooooooo bitter overly strong medium roast them christmas morning even inlaws thought they were gross,1
2,newmans organics generation turkey vegetable changed ingredients from turkey liver pultry liverbr this good your allergic chicken ours isbr newmans organics turkey vegetable original longer available,0
3,purchased these pepperidge farm cookies family member that sick hospital cookies expiration date they were stale this very embarrassing disappointing least this tells that food products good from amazon,0
4,this product deserves even lower rating final product extremely sugary teriyaki sauce flavor nutritional value also very lacking because they dont give enough vegetables only morsel about size tablespoon nutrition portion also very small ounces water makes very measly ounce snack nutrition fact that have microwave minutes destroys many valuable nutrients compared boiled noodles texture,2
5,very flavorful bought after getting high reviews here amazon kohls purchased store from kohls disappointed lack flavor this coffee much chocolate flavor tasted after brewed,1
6,decided risky order unknown this stuff along with boxes blueberry raspberry other teas were better than expected this stuff just plain unflavorful weird tasting couldnt taste strawberry perhaps weird taste rooibos have sure never rooibos based again although stuff supposed good youbr drink iced always brew plain green with herb bags dont think green messed this when first opened foil pouch looked different didnt have that rich fruity smell other teas thought rightbr wont buying this again that purely personal taste kids didnt like either they drinkers,2
7,this christmas gift dear friend arrived well packed describedbut then small flying bugs gnats started emerge they have been coming alive days nothing seems stop them friend asked amazon exchangesorry exchanges return will refund money gift,2
8,thought finally found really sour candy really disappointed pretty much same thing warhead think warheads more sour than this sour flavor lasts little while then after that just good flavored hard candy stars because tastes good really doesnt deliver sour aspect,1
9,prosbr great start finger foods easier than cheerios pick eatbr dissolves quickly less choking hazardbr baby loves thembr consbr stains baby drools hands loses halfeaten puff leaves bright orange stain clothing rugs easy other flavors more neutral colored stain much sweet potato last thing want have wash highchair cover straps rugs clothes because bright orange stains aroundbr cheaper versions available target they have their brandsbr does have sugar wish they make nonsugar version because pretty sure baby will still them unnecessary sugar into everythingbr started with gerber sweet potato sticking target blueberry because cheaper doesnt stain,2
10,when came starbucks satuma webpage does where that will different like idea variety pack packaging stinks could never give gift that,2
11,reason bought this because tried cheddar asiago flavor loved this doesnt taste cheesy really dont taste sesame sticking with cheddar asiago costco starts carrying bought bags resealable better deal consider buying your costco even various locations carry different merchandise they carry visit,3
12,used this cooked dish that make soaked them first found that they tasted okay they dont work well fresh celery they work bind,1
13,although this food does have good quality ingredients german shepherd never really solid stools while while switching this food diarrhea even though switched over very slowly still stayed with food thinking that diarrhea with switching main meat component from lamb chicken after three months though stools still mostly runny have since change taste wild which actually love smells pretty good stools improving this does mean that blue buffalo good choice your rather would your does find that their stools improving then switch,3
14,first tried green happy baby puffs which loves bought strawberry ones once while liked taste strawberry powder organic even listed ingredients abovenot sure since strawberries thing prefer organic only this dealbreaker,2
15,originally purchased natural calm help with insomnia anxiety issues started with teaspoon gradually worked teaspoon taken before bedtime take more than teaspoon laxative effect next even though does help relax doesnt really help with insomnia recently switched slowmag more sustained release magnesium throughout doesnt have same laxative effect plus helps with daytime anxiety however spouse fibromyalgia positive results with natural calm improved quality sleep also helped with muscle aches overall fatigue takes about teaspoons each night anticipate that will want continue purchasing natural calm doesnt work same everyone very happy with product helped,3
16,never tried heard hansens soda before trying love trying things pretty good soda right thing that sticks selling point that there preservatives caffeine sodium natural flavors sweetened with natural cane sugar youre person that doesnt like want high fructose corn syrup this taste this mandarin lime variety pretty good nice orange taste with tough lime could have more lime flavor though make little more tart which would like look forward trying other hansen soda flavors,1
17,this wholesale store they must have stopped carrying have looked last several months avail delighted find that could order online have been using about years tried store brands company versions never liked them what hooked,0
18,cant this depuffs because dont notice difference puffiness usually problem however very moisturizing smells great little goes long would definitely purchase again fact natural bonus,0
19,have purchased three unwrapped each cube placed about food processor granulated entire case yielded almost 60oz probably more than that seasoning heavier granulated than most great value dont mind little time consuming work have empty containers outstanding flavor spiciness have only used baking chicken cant wait frying chicken wings will recurring order delivery soon other reviewers have used individual cubes sausessaladsmeat either wont disappointed,0
20,nutiva hempseed fresh goodtasting make salad dressings milk smoothies sprinkle over food give crunchy nutty taste well nutritional value fiber,3
21,just finished theater room house decided only thing missing popcorn searched bought what thought perfect machine added gourmet popcorn turned movie back movie surprise just wasnt same flavor even smell same searched discovered great northern popcorn premeasured portion packs easy result just like dreamed fresh great tasting popcorn with smell movie theater highly recommend great northern popcorn event machine wont disappointed,3
22,love teavana teas glad found this delicious relaxes before bedor whenever want relax little liquid lemon stevia amazing this will disappointed,2
23,love these cookies most cookies sweet these however since they follow european trend using natural ingredients they full saturated from butter creambr caresbr they best cookies world comparable only tobr feullitees doree which bought france,0
24,guess little went through what typical shih breed finicky eater began walking away from water moistened food blue buffalo puppy nutro merrick same flavors this cousin sent some venison jerky makes yorkies they love half serving size bowl this down little weston lapped looking lovingly more gave rest serving size galloped away with more energy even more than normally showed played hard napped eliminations were smaller neater clean seems that getting more nourished retaining nutrients needs coat even more soft supple this great product take trips without mess extra bowls pack thanks ziwipeak,0
